Glucose,Cholesterol,Hemoglobin,Platelets,White Blood Cells,Red Blood Cells,Hematocrit,Mean Corpuscular Volume,Mean Corpuscular Hemoglobin,Mean Corpuscular Hemoglobin Concentration,Insulin,BMI,Systolic Blood Pressure,Diastolic Blood Pressure,Triglycerides,HbA1c,LDL Cholesterol,HDL Cholesterol,ALT,AST,Heart Rate,Creatinine,Troponin,C-reactive Protein
0.0327255336276093,0.0535962681551887,0.1026326287264942,0.2213555551209707,0.1539561864900899,0.2165730961708485,0.3125768513649443,0.6089402936208215,0.4861735695887832,0.4506995463128547,0.288485468872641,0.5814663103840183,0.7107439682436874,0.4073231518000049,0.0602299594138895,0.1887500703106055,0.3318867797286451,0.562621686838527,0.6804620474048206,0.0995381000639189,0.9828931133627414,0.4372846727120143,0.2889606268944468,0.7092622847819147