Glucose,Cholesterol,Hemoglobin,Platelets,White Blood Cells,Red Blood Cells,Hematocrit,Mean Corpuscular Volume,Mean Corpuscular Hemoglobin,Mean Corpuscular Hemoglobin Concentration,Insulin,BMI,Systolic Blood Pressure,Diastolic Blood Pressure,Triglycerides,HbA1c,LDL Cholesterol,HDL Cholesterol,ALT,AST,Heart Rate,Creatinine,Troponin,C-reactive Protein,Disease
0.1217863130915164,0.0230584372888524,0.9448932403081058,0.9053721451003244,0.5077109850938047,0.4030331903323514,0.164216444838805,0.3075532056592447,0.2079383815776765,0.5055618576997212,0.5711615020178091,0.8392705080390304,0.5809025746899716,0.5560374856744161,0.4777421204472135,0.8568099080419134,0.6524653316137123,0.1069609168188021,0.9425487895579808,0.3442609017730833,0.6663681099339469,0.6590597848929585,0.8169820457114738,0.401165961768588,Diabetes