Glucose,Cholesterol,Hemoglobin,Platelets,White Blood Cells,Red Blood Cells,Hematocrit,Mean Corpuscular Volume,Mean Corpuscular Hemoglobin,Mean Corpuscular Hemoglobin Concentration,Insulin,BMI,Systolic Blood Pressure,Diastolic Blood Pressure,Triglycerides,HbA1c,LDL Cholesterol,HDL Cholesterol,ALT,AST,Heart Rate,Creatinine,Troponin,C-reactive Protein
0.4525390487229299,0.1161349392345196,0.544559880646533,0.4006402542200498,0.2945381391269565,0.3820213504718714,0.6252668173594422,0.2951217167649673,0.8683693808899848,0.026807746004545,0.582170303033687,0.5774232519535167,0.0457824859332021,0.6636424898368296,0.0889399007845421,0.4667952615580137,0.3873320586791837,0.4217630924518363,0.0071863049879385,0.5069181607878194,0.4317036047706637,0.4172947249526202,0.7990740722024966,0.7792079136984322
