Glucose,Cholesterol,Hemoglobin,Platelets,White Blood Cells,Red Blood Cells,Hematocrit,Mean Corpuscular Volume,Mean Corpuscular Hemoglobin,Mean Corpuscular Hemoglobin Concentration,Insulin,BMI,Systolic Blood Pressure,Diastolic Blood Pressure,Triglycerides,HbA1c,LDL Cholesterol,HDL Cholesterol,ALT,AST,Heart Rate,Creatinine,Troponin,C-reactive Protein
0.6204792590153829,0.3892070044557563,0.5353452305237871,0.7903072893280161,0.3136304021720066,0.3154654673421837,0.3291985690877603,0.6157054440742478,0.7848958318232722,0.9397265287526348,0.6777780332680604,0.6796961564576591,0.0059882624140756,0.7614551627297379,0.3483693105436084,0.798970063776073,0.4676802006497775,0.8196737703241919,0.1829525125610854,0.7677066129457302,0.7276331077526403,0.7980901109982397,0.4707310648942536,0.7979058717794227